Workbook

Sheet Budget
A1: Category | B1: July | C1: August | D1: September | E1: Total | F1: Average
A2: Rent | B2: 1850 | C2: 1850 | D2: 1850 | E2: =SUM(B2:D2) -> 5550 | F2: =ROUND(AVERAGE(B2:D2),2) -> 1850
A3: Utilities | B3: 142.35 | C3: 156.8 | D3: 131.1 | E3: =SUM(B3:D3) -> 430.25 | F3: =ROUND(AVERAGE(B3:D3),2) -> 143.42
A4: Groceries | B4: 486.2 | C4: 512.75 | D4: 470.4 | E4: =SUM(B4:D4) -> 1469.35 | F4: =ROUND(AVERAGE(B4:D4),2) -> 489.78
A5: Transport | B5: 96 | C5: 110.5 | D5: 88.25 | E5: =SUM(B5:D5) -> 294.75 | F5: =ROUND(AVERAGE(B5:D5),2) -> 98.25
A6: Insurance | B6: 215 | C6: 215 | D6: 215 | E6: =SUM(B6:D6) -> 645 | F6: =ROUND(AVERAGE(B6:D6),2) -> 215
A7: Entertainment | B7: 120 | C7: 85.6 | D7: 143.9 | E7: =SUM(B7:D7) -> 349.5 | F7: =ROUND(AVERAGE(B7:D7),2) -> 116.5
A8: Total | B8: =SUM(B2:B7) -> 2909.55 | C8: =SUM(C2:C7) -> 2930.65 | D8: =SUM(D2:D7) -> 2898.65 | E8: =SUM(E2:E7) -> 8738.85 | F8: =AVERAGE(B8:D8) -> 2912.95

Sheet Summary
A1: Quarter total | B1: =Budget!E8 -> 8738.85
A2: Monthly average | B2: =Budget!F8 -> 2912.95
A3: Largest category | B3: =INDEX(Budget!A2:A7,MATCH(MAX(Budget!E2:E7),Budget!E2:E7,0)) -> Rent
A4: Share of rent | B4: =Budget!E2/Budget!E8 -> 0.63509501
A5: Months over $3,000 | B5: =COUNTIF(Budget!B8:D8,">3000") -> 0
A6: Prepared | B6: =DATE(2026,9,17) -> 46282
